{
  "timestamp": "2026-01-09T23:53:40.514247",
  "model_name": "cnn_30epocas",
  "dataset": {
    "total_images": 50648,
    "classes": 1687,
    "train_size": 35451,
    "val_size": 7599,
    "test_size": 7598
  },
  "training": {
    "epochs": 30,
    "batch_size": 32,
    "learning_rate": 0.001,
    "training_time_minutes": 108.35265216032664,
    "final_epoch": 30
  },
  "results": {
    "test_loss": 2.6152231693267822,
    "test_accuracy": 0.5251381993293762,
    "test_top5_accuracy": 0.6934719681739807
  },
  "best_validation": {
    "val_accuracy": 0.521515965461731,
    "val_loss": 2.639695167541504
  }
}